Description,Frequency
Channel 01,446.00625
Channel 02,446.01875
Channel 03,446.03125
Channel 04,446.04375
Channel 05,446.05625
Channel 06,446.06875
Channel 07,446.08125
Channel 08,446.09375
Channel 09,446.10625
Channel 10,446.11875
Channel 11,446.13125
Channel 12,446.14375
Channel 13,446.15625
Channel 14,446.16875
Channel 15,446.18125
Channel 16,446.19375
